Myriel,Napoleon
Myriel,MlleBaptistine
Myriel,MmeMagloire
Myriel,CountessDeLo
Myriel,Geborand
Myriel,Champtercier
Myriel,Cravatte
Myriel,Count
Myriel,OldMan
Myriel,Valjean
Napoleon,Myriel
MlleBaptistine,Myriel
MmeMagloire,Myriel
MmeMagloire,MlleBaptistine
CountessDeLo,Myriel
Geborand,Myriel
Champtercier,Myriel
Cravatte,Myriel
Count,Myriel
OldMan,Myriel
Valjean,Myriel
Valjean,MmeMagloire
Valjean,MlleBaptistine
Valjean,Labarre
Valjean,Marguerite
Valjean,MmeDeR
Valjean,Isabeau
Valjean,Gervais
Labarre,Valjean
Marguerite,Valjean
MmeDeR,Valjean
Isabeau,Valjean
Gervais,Valjean
Listolier,Tholomyes
Listolier,Fameuil
Listolier,Blacheville
Listolier,Favourite
Listolier,Dahlia
Listolier,Zephine
Listolier,Fantine
Tholomyes,Listolier
Tholomyes,Fameuil
Tholomyes,Blacheville
Tholomyes,Favourite
Tholomyes,Dahlia
Tholomyes,Zephine
Tholomyes,Fantine
Fameuil,Listolier
Fameuil,Tholomyes
Fameuil,Blacheville
Fameuil,Favourite
Fameuil,Dahlia
Fameuil,Zephine
Fameuil,Fantine
Blacheville,Listolier
Blacheville,Tholomyes
Blacheville,Fameuil
Blacheville,Favourite
Blacheville,Dahlia
Blacheville,Zephine
Blacheville,Fantine
Favourite,Listolier
Favourite,Tholomyes
Favourite,Fameuil
Favourite,Blacheville
Favourite,Dahlia
Favourite,Zephine
Favourite,Fantine
Dahlia,Listolier
Dahlia,Tholomyes
Dahlia,Fameuil
Dahlia,Blacheville
Dahlia,Favourite
Dahlia,Zephine
Dahlia,Fantine
Zephine,Listolier
Zephine,Tholomyes
Zephine,Fameuil
Zephine,Blacheville
Zephine,Favourite
Zephine,Dahlia
Zephine,Fantine
Fantine,Listolier
Fantine,Tholomyes
Fantine,Fameuil
Fantine,Blacheville
Fantine,Favourite
Fantine,Dahlia
Fantine,Zephine
Fantine,MmeThenardier
Fantine,Valjean
MmeThenardier,Fantine
MmeThenardier,Valjean
MmeThenardier,Javert
MmeThenardier,Thenardier
MmeThenardier,Cosette
MmeThenardier,Eponine
MmeThenardier,Anzelma
Thenardier,MmeThenardier
Thenardier,Valjean
Thenardier,Javert
Thenardier,Cosette
Thenardier,Eponine
Thenardier,Anzelma
Thenardier,Gavroche
Cosette,Valjean
Cosette,MmeThenardier
Cosette,Thenardier
Cosette,Javert
Cosette,Marius
Cosette,Toussaint
Javert,Valjean
Javert,MmeThenardier
Javert,Thenardier
Javert,Cosette
Javert,Fauchelevent
Javert,Champmathieu
Javert,Brevet
Javert,Chenildieu
Javert,Cochepaille
Javert,Gavroche
Javert,Marius
Fauchelevent,Valjean
Fauchelevent,Javert
Fauchelevent,Simplice
Champmathieu,Valjean
Champmathieu,Javert
Champmathieu,Brevet
Champmathieu,Chenildieu
Champmathieu,Cochepaille
Brevet,Javert
Brevet,Champmathieu
Brevet,Chenildieu
Brevet,Cochepaille
Chenildieu,Javert
Chenildieu,Champmathieu
Chenildieu,Brevet
Chenildieu,Cochepaille
Cochepaille,Javert
Cochepaille,Champmathieu
Cochepaille,Brevet
Cochepaille,Chenildieu
Mabeuf,Marius
Mabeuf,Eponine
Mabeuf,Gavroche
Eponine,MmeThenardier
Eponine,Thenardier
Eponine,Mabeuf
Eponine,Gavroche
Eponine,Marius
Eponine,Brujon
Eponine,Babet
Eponine,Gueulemer
Eponine,Claquesous
Eponine,Montparnasse
Anzelma,MmeThenardier
Anzelma,Thenardier
Woman1,Valjean
Woman1,Javert
Woman2,Valjean
Woman2,Javert
MotherInnocent,Valjean
MotherInnocent,Fauchelevent
Gribier,Fauchelevent
Simplice,Valjean
Simplice,Fauchelevent
Simplice,Javert
Scaufflaire,Valjean
Woman1,Fantine
Woman2,Fantine
Perpetue,Fantine
Perpetue,Simplice
Toussaint,Cosette
Toussaint,Javert
Toussaint,Valjean
Child1,Gavroche
Child2,Gavroche
Brujon,Eponine
Brujon,Babet
Brujon,Gueulemer
Brujon,Claquesous
Brujon,Montparnasse
Brujon,Gavroche
Brujon,Thenardier
Babet,Eponine
Babet,Brujon
Babet,Gueulemer
Babet,Claquesous
Babet,Montparnasse
Babet,Gavroche
Babet,Thenardier
Babet,Valjean
Gueulemer,Eponine
Gueulemer,Brujon
Gueulemer,Babet
Gueulemer,Claquesous
Gueulemer,Montparnasse
Gueulemer,Gavroche
Gueulemer,Thenardier
Gueulemer,Valjean
Claquesous,Eponine
Claquesous,Brujon
Claquesous,Babet
Claquesous,Gueulemer
Claquesous,Montparnasse
Claquesous,Gavroche
Claquesous,Thenardier
Claquesous,Valjean
Montparnasse,Eponine
Montparnasse,Brujon
Montparnasse,Babet
Montparnasse,Gueulemer
Montparnasse,Claquesous
Montparnasse,Gavroche
Montparnasse,Thenardier
Montparnasse,Valjean
Gavroche,MmeThenardier
Gavroche,Thenardier
Gavroche,Javert
Gavroche,Mabeuf
Gavroche,Eponine
Gavroche,Brujon
Gavroche,Babet
Gavroche,Gueulemer
Gavroche,Claquesous
Gavroche,Montparnasse
Gavroche,Valjean
Gavroche,Enjolras
Gavroche,Combeferre
Gavroche,Prouvaire
Gavroche,Feuilly
Gavroche,Courfeyrac
Gavroche,Bahorel
Gavroche,Bossuet
Gavroche,Joly
Gavroche,Grantaire
Gavroche,Marius
Enjolras,Gavroche
Enjolras,Combeferre
Enjolras,Prouvaire
Enjolras,Feuilly
Enjolras,Courfeyrac
Enjolras,Bahorel
Enjolras,Bossuet
Enjolras,Joly
Enjolras,Grantaire
Enjolras,Marius
Combeferre,Gavroche
Combeferre,Enjolras
Combeferre,Prouvaire
Combeferre,Feuilly
Combeferre,Courfeyrac
Combeferre,Bahorel
Combeferre,Bossuet
Combeferre,Joly
Combeferre,Grantaire
Combeferre,Marius
Prouvaire,Gavroche
Prouvaire,Enjolras
Prouvaire,Combeferre
Prouvaire,Feuilly
Prouvaire,Courfeyrac
Prouvaire,Bahorel
Prouvaire,Bossuet
Prouvaire,Joly
Prouvaire,Grantaire
Feuilly,Gavroche
Feuilly,Enjolras
Feuilly,Combeferre
Feuilly,Prouvaire
Feuilly,Courfeyrac
Feuilly,Bahorel
Feuilly,Bossuet
Feuilly,Joly
Feuilly,Grantaire
Feuilly,Marius
Courfeyrac,Gavroche
Courfeyrac,Enjolras
Courfeyrac,Combeferre
Courfeyrac,Prouvaire
Courfeyrac,Feuilly
Courfeyrac,Bahorel
Courfeyrac,Bossuet
Courfeyrac,Joly
Courfeyrac,Grantaire
Courfeyrac,Marius
Bahorel,Gavroche
Bahorel,Enjolras
Bahorel,Combeferre
Bahorel,Prouvaire
Bahorel,Feuilly
Bahorel,Courfeyrac
Bahorel,Bossuet
Bahorel,Joly
Bahorel,Grantaire
Bahorel,Marius
Bossuet,Gavroche
Bossuet,Enjolras
Bossuet,Combeferre
Bossuet,Prouvaire
Bossuet,Feuilly
Bossuet,Courfeyrac
Bossuet,Bahorel
Bossuet,Joly
Bossuet,Grantaire
Bossuet,Marius
Bossuet,Valjean
Joly,Gavroche
Joly,Enjolras
Joly,Combeferre
Joly,Prouvaire
Joly,Feuilly
Joly,Courfeyrac
Joly,Bahorel
Joly,Bossuet
Joly,Grantaire
Joly,Marius
Grantaire,Gavroche
Grantaire,Enjolras
Grantaire,Combeferre
Grantaire,Prouvaire
Grantaire,Feuilly
Grantaire,Courfeyrac
Grantaire,Bahorel
Grantaire,Bossuet
Grantaire,Joly
Marius,Cosette
Marius,Javert
Marius,Mabeuf
Marius,Eponine
Marius,Gavroche
Marius,Enjolras
Marius,Combeferre
Marius,Feuilly
Marius,Courfeyrac
Marius,Bahorel
Marius,Bossuet
Marius,Joly
Marius,Valjean
Marius,Gillenormand
Marius,MmeHucheloup
Gillenormand,Marius
Gillenormand,MlleGillenormand
Gillenormand,MmePontmercy
Gillenormand,MlleVaubois
Gillenormand,LtGillenormand
MlleGillenormand,Gillenormand
MlleGillenormand,MmePontmercy
MlleGillenormand,MlleVaubois
MlleGillenormand,LtGillenormand
MmePontmercy,Gillenormand
MmePontmercy,MlleGillenormand
MmePontmercy,MlleVaubois
MlleVaubois,Gillenormand
MlleVaubois,MlleGillenormand
MlleVaubois,MmePontmercy
LtGillenormand,Gillenormand
LtGillenormand,MlleGillenormand
MmeHucheloup,Marius
MmeHucheloup,Bossuet
